Team,Year,Team ID,Split,G,Att,Comp,Pct.,Yards,Yards/Att,TD,Int,Rating,Att/G,Yards/G
Air Force,2024,721,All Games,12,289,187,64.7,2262,7.8,12,4,141.39,24.1,188.5
Air Force,2023,721,All Games,13,350,216,61.7,2429,6.9,18,10,131.27,26.9,186.8
Air Force,2022,721,All Games,13,291,170,58.4,2068,7.1,10,9,123.27,22.4,159.1
Akron,2024,5,All Games,12,343,221,64.4,2773,8.1,24,3,153.68,28.6,231.1
Akron,2023,5,All Games,12,333,186,55.9,2247,6.7,19,6,127.77,27.8,187.3
Akron,2022,5,All Games,12,355,213,60.0,2925,8.2,22,9,144.59,29.6,243.8
Alabama,2024,8,All Games,13,395,236,59.7,2369,6.0,13,17,112.37,30.4,182.2
Alabama,2023,8,All Games,14,413,245,59.3,2675,6.5,17,12,121.50,29.5,191.1
Alabama,2022,8,All Games,13,434,238,54.8,2442,5.6,12,7,108.00,33.4,187.8
Appalachian State,2024,27,All Games,11,282,194,68.8,2363,8.4,20,4,159.73,25.6,214.8
Appalachian State,2023,27,All Games,14,422,258,61.1,2804,6.6,15,15,121.58,30.1,200.3
Appalachian State,2022,27,All Games,12,365,218,59.7,2636,7.2,18,7,132.83,30.4,219.7
Arizona,2024,29,All Games,12,355,226,63.7,2868,8.1,22,8,147.46,29.6,239.0
Arizona,2023,29,All Games,13,433,258,59.6,3116,7.2,15,9,127.30,33.3,239.7
Arizona,2022,29,All Games,12,402,280,69.7,3103,7.7,25,4,153.02,33.5,258.6
Arizona State,2024,28,All Games,14,479,283,59.1,3174,6.6,19,16,121.15,34.2,226.7
Arizona State,2023,28,All Games,12,419,271,64.7,3160,7.5,28,5,147.69,34.9,263.3
Arizona State,2022,28,All Games,12,406,246,60.6,2801,6.9,14,11,124.50,33.8,233.4
Arkansas,2024,31,All Games,13,418,259,62.0,3210,7.7,22,10,139.05,32.2,246.9
Arkansas,2023,31,All Games,12,318,192,60.4,2433,7.7,23,12,140.97,26.5,202.8
Arkansas,2022,31,All Games,13,449,275,61.2,3831,8.5,24,9,146.55,34.5,294.7
Arkansas State,2024,30,All Games,13,389,245,63.0,3251,8.4,23,14,145.49,29.9,250.1
Arkansas State,2023,30,All Games,13,431,296,68.7,3372,7.8,25,8,149.83,33.2,259.4
Arkansas State,2022,30,All Games,12,351,212,60.4,2912,8.3,25,6,150.18,29.3,242.7
Army,2024,725,All Games,14,402,253,62.9,2603,6.5,16,18,121.50,28.7,185.9
Army,2023,725,All Games,12,310,190,61.3,2255,7.3,16,9,133.61,25.8,187.9
Army,2022,725,All Games,12,275,167,60.7,1920,7.0,15,10,130.11,22.9,160.0
Auburn,2024,37,All Games,12,354,199,56.2,2556,7.2,12,8,123.54,29.5,213.0
Auburn,2023,37,All Games,13,359,212,59.1,2628,7.3,19,12,131.31,27.6,202.2
Auburn,2022,37,All Games,12,412,238,57.8,2671,6.5,15,6,121.34,34.3,222.6
BYU,2024,77,All Games,13,392,217,55.4,2372,6.1,13,22,105.91,30.2,182.5
BYU,2023,77,All Games,12,408,250,61.3,2880,7.1,21,14,130.71,34.0,240.0
BYU,2022,77,All Games,13,408,273,66.9,3046,7.5,25,8,145.92,31.4,234.3
Ball State,2024,47,All Games,12,376,233,62.0,3355,8.9,37,8,165.13,31.3,279.6
Ball State,2023,47,All Games,12,357,215,60.2,2451,6.9,17,5,130.80,29.8,204.3
Ball State,2022,47,All Games,12,416,241,57.9,2593,6.2,17,7,120.41,34.7,216.1
Baylor,2024,51,All Games,13,393,237,60.3,3044,7.7,22,14,136.73,30.2,234.2
Baylor,2023,51,All Games,12,328,213,64.9,2837,8.6,22,7,155.45,27.3,236.4
Baylor,2022,51,All Games,13,402,245,60.9,2896,7.2,17,13,128.95,30.9,222.8
Boise State,2024,66,All Games,14,451,273,60.5,3380,7.5,24,7,137.94,32.2,241.4
Boise State,2023,66,All Games,14,441,268,60.8,3505,7.9,19,11,136.76,31.5,250.4
Boise State,2022,66,All Games,14,362,187,51.7,2348,6.5,13,15,109.70,25.9,167.7
Boston College,2024,67,All Games,13,441,271,61.5,3195,7.2,17,17,127.32,33.9,245.8
Boston College,2023,67,All Games,13,334,194,58.1,2563,7.7,19,8,136.52,25.7,197.2
Boston College,2022,67,All Games,12,348,205,58.9,2534,7.3,19,7,134.08,29.0,211.2
Bowling Green,2024,71,All Games,13,370,214,57.8,2410,6.5,17,12,121.23,28.5,185.4
Bowling Green,2023,71,All Games,13,340,202,59.4,2338,6.9,21,17,127.55,26.2,179.8
Bowling Green,2022,71,All Games,13,434,281,64.7,3259,7.5,29,10,145.27,33.4,250.7
Buffalo,2024,86,All Games,13,439,269,61.3,3187,7.3,25,13,135.13,33.8,245.2
Buffalo,2023,86,All Games,12,327,207,63.3,2246,6.9,18,11,132.44,27.3,187.2
Buffalo,2022,86,All Games,13,410,234,57.1,2949,7.2,19,13,126.44,31.5,226.8
California,2024,107,All Games,13,442,250,56.6,2959,6.7,17,17,117.80,34.0,227.6
California,2023,107,All Games,13,486,306,63.0,3649,7.5,30,12,141.46,37.4,280.7
California,2022,107,All Games,12,457,300,65.6,3354,7.3,23,11,139.10,38.1,279.5
Central Michigan,2024,129,All Games,12,328,197,60.1,2326,7.1,17,2,135.50,27.3,193.8
Central Michigan,2023,129,All Games,12,360,223,61.9,2967,8.2,20,5,146.72,30.0,247.3
Central Michigan,2022,129,All Games,12,386,230,59.6,2647,6.9,21,4,133.08,32.2,220.6
Cincinnati,2024,140,All Games,12,348,213,61.2,2673,7.7,16,5,138.03,29.0,222.8
Cincinnati,2023,140,All Games,12,328,186,56.7,2710,8.3,20,8,141.35,27.3,225.8
Cincinnati,2022,140,All Games,13,392,215,54.8,2369,6.0,15,11,112.63,30.2,182.2
Clemson,2024,147,All Games,14,467,263,56.3,2989,6.4,22,16,118.78,33.4,213.5
Clemson,2023,147,All Games,13,401,212,52.9,2252,5.6,13,16,102.76,30.8,173.2
Clemson,2022,147,All Games,14,488,299,61.3,3244,6.6,21,13,125.98,34.9,231.7
Colorado,2024,157,All Games,13,393,229,58.3,2607,6.6,16,15,119.80,30.2,200.5
Colorado,2023,157,All Games,12,417,269,64.5,3323,8.0,28,10,148.81,34.8,276.9
Colorado,2022,157,All Games,12,365,245,67.1,3176,8.7,31,6,164.95,30.4,264.7
Colorado State,2024,156,All Games,13,428,262,61.2,3051,7.1,20,10,131.85,32.9,234.7
Colorado State,2023,156,All Games,12,389,278,71.5,2996,7.7,20,9,148.51,32.4,249.7
Colorado State,2022,156,All Games,12,355,219,61.7,2297,6.5,15,8,125.47,29.6,191.4
Connecticut,2024,164,All Games,13,433,268,61.9,2795,6.5,16,10,123.68,33.3,215.0
Connecticut,2023,164,All Games,12,378,256,67.7,3106,8.2,19,6,150.17,31.5,258.8
Connecticut,2022,164,All Games,13,396,248,62.6,2740,6.9,15,13,126.68,30.5,210.8
Duke,2024,193,All Games,13,424,246,58.0,2775,6.5,19,13,121.66,32.6,213.5
Duke,2023,193,All Games,13,417,260,62.4,2740,6.6,11,10,121.46,32.1,210.8
Duke,2022,193,All Games,13,465,283,60.9,3345,7.2,25,10,134.73,35.8,257.3
East Carolina,2024,196,All Games,13,425,255,60.0,3059,7.2,24,14,132.51,32.7,235.3
East Carolina,2023,196,All Games,12,345,210,60.9,2630,7.6,19,6,139.59,28.8,219.2
East Carolina,2022,196,All Games,13,437,289,66.1,3806,8.7,27,11,154.65,33.6,292.8
Eastern Michigan,2024,204,All Games,12,309,197,63.8,2651,8.6,22,5,156.07,25.8,220.9
Eastern Michigan,2023,204,All Games,13,387,228,58.9,2769,7.2,17,8,129.39,29.8,213.0
Eastern Michigan,2022,204,All Games,13,400,226,56.5,2872,7.2,23,13,129.29,30.8,220.9
Florida,2024,235,All Games,13,421,244,58.0,2957,7.0,18,14,124.42,32.4,227.5
Florida,2023,235,All Games,12,326,195,59.8,2720,8.3,18,3,146.29,27.2,226.7
Florida,2022,235,All Games,13,396,240,60.6,3065,7.7,17,9,135.25,30.5,235.8
Florida Atlantic,2024,229,All Games,12,378,211,55.8,2798,7.4,25,11,134.01,31.5,233.2
Florida Atlantic,2023,229,All Games,12,412,263,63.8,2977,7.2,23,10,138.11,34.3,248.1
Florida Atlantic,2022,229,All Games,12,405,245,60.5,2949,7.3,25,12,136.09,33.8,245.8
Florida International,2024,231,All Games,12,357,211,59.1,2155,6.0,9,11,111.96,29.8,179.6
Florida International,2023,231,All Games,12,389,241,62.0,2950,7.6,26,6,144.64,32.4,245.8
Florida International,2022,231,All Games,12,404,266,65.8,3122,7.7,24,7,146.90,33.7,260.2
Florida State,2024,234,All Games,12,326,204,62.6,2415,7.4,16,4,138.56,27.2,201.3
Florida State,2023,234,All Games,14,416,201,48.3,2516,6.0,12,10,103.83,29.7,179.7
Florida State,2022,234,All Games,13,349,197,56.4,2150,6.2,18,8,120.63,26.8,165.4
Fresno State,2024,96,All Games,13,469,256,54.6,2811,6.0,21,15,113.31,36.1,216.2
Fresno State,2023,96,All Games,13,402,223,55.5,2661,6.6,19,17,118.21,30.9,204.7
Fresno State,2022,96,All Games,14,434,232,53.5,2650,6.1,14,12,109.87,31.0,189.3
Georgia,2024,257,All Games,14,426,251,58.9,2803,6.6,14,8,121.27,30.4,200.2
Georgia,2023,257,All Games,14,427,234,54.8,2456,5.8,13,14,106.61,30.5,175.4
Georgia,2022,257,All Games,15,511,294,57.5,3296,6.5,15,12,116.70,34.1,219.7
Georgia Southern,2024,253,All Games,13,438,277,63.2,3362,7.7,21,13,137.60,33.7,258.6
Georgia Southern,2023,253,All Games,13,396,249,62.9,3049,7.7,20,13,137.65,30.5,234.5
Georgia Southern,2022,253,All Games,13,433,254,58.7,3339,7.7,19,11,132.83,33.3,256.8
Georgia State,2024,254,All Games,12,323,204,63.2,2500,7.7,22,9,145.09,26.9,208.3
Georgia State,2023,254,All Games,13,437,284,65.0,3633,8.3,30,11,152.45,33.6,279.5
Georgia State,2022,254,All Games,12,360,217,60.3,2746,7.6,22,13,137.31,30.0,228.8
Georgia Tech,2024,255,All Games,13,401,253,63.1,2869,7.2,24,5,140.45,30.8,220.7
Georgia Tech,2023,255,All Games,13,368,225,61.1,2805,7.6,18,14,133.69,28.3,215.8
Georgia Tech,2022,255,All Games,12,366,213,58.2,2549,7.0,17,11,126.02,30.5,212.4
Hawaii,2024,277,All Games,12,366,239,65.3,2535,6.9,18,6,136.43,30.5,211.3
Hawaii,2023,277,All Games,13,331,204,61.6,2787,8.4,24,7,152.06,25.5,214.4
Hawaii,2022,277,All Games,13,368,235,63.9,2923,7.9,21,10,143.98,28.3,224.8
Houston,2024,288,All Games,12,333,199,59.8,2266,6.8,18,12,127.55,27.8,188.8
Houston,2023,288,All Games,12,384,263,68.5,3064,8.0,21,9,148.87,32.0,255.3
Houston,2022,288,All Games,13,479,304,63.5,3622,7.6,32,8,145.70,36.8,278.6
Illinois,2024,301,All Games,13,444,262,59.0,2922,6.6,19,12,123.00,34.2,224.8
Illinois,2023,301,All Games,12,399,241,60.4,2737,6.9,22,7,132.71,33.3,228.1
Illinois,2022,301,All Games,13,415,213,51.3,2259,5.4,9,24,92.64,31.9,173.8
Indiana,2024,306,All Games,13,397,248,62.5,2289,5.8,11,15,112.48,30.5,176.1
Indiana,2023,306,All Games,12,365,222,60.8,2854,7.8,25,10,143.62,30.4,237.8
Indiana,2022,306,All Games,12,409,262,64.1,3290,8.0,30,7,152.42,34.1,274.2
Iowa,2024,312,All Games,13,420,260,61.9,2640,6.3,20,16,122.80,32.3,203.1
Iowa,2023,312,All Games,14,472,265,56.1,2390,5.1,11,10,102.13,33.7,170.7
Iowa,2022,312,All Games,13,418,245,58.6,2203,5.3,13,15,105.96,32.2,169.5
Iowa State,2024,311,All Games,14,372,196,52.7,2318,6.2,18,15,112.94,26.6,165.6
Iowa State,2023,311,All Games,13,448,250,55.8,2976,6.6,21,16,119.93,34.5,228.9
Iowa State,2022,311,All Games,12,322,190,59.0,2139,6.6,20,7,130.96,26.8,178.3
Kansas,2024,328,All Games,12,360,227,63.1,2869,8.0,25,12,146.25,30.0,239.1
Kansas,2023,328,All Games,13,382,253,66.2,2817,7.4,16,14,134.66,29.4,216.7
Kansas,2022,328,All Games,13,428,277,64.7,3382,7.9,21,12,141.68,32.9,260.2
Kansas State,2024,327,All Games,13,416,244,58.7,2921,7.0,20,10,128.69,32.0,224.7
Kansas State,2023,327,All Games,13,438,247,56.4,2926,6.7,16,13,118.61,33.7,225.1
Kansas State,2022,327,All Games,14,463,270,58.3,3141,6.8,21,16,123.37,33.1,224.4
Kent State,2024,331,All Games,12,346,226,65.3,3013,8.7,27,4,161.91,28.8,251.1
Kent State,2023,331,All Games,12,315,184,58.4,2574,8.2,21,6,145.24,26.3,214.5
Kent State,2022,331,All Games,12,403,282,70.0,3271,8.1,23,7,153.52,33.6,272.6
Kentucky,2024,334,All Games,12,279,177,63.4,2204,7.9,9,10,133.28,23.3,183.7
Kentucky,2023,334,All Games,13,430,291,67.7,3126,7.3,20,11,138.97,33.1,240.5
Kentucky,2022,334,All Games,13,347,206,59.4,2220,6.4,10,10,116.86,26.7,170.8
LSU,2024,365,All Games,13,380,232,61.1,2916,7.7,11,6,131.90,29.2,224.3
LSU,2023,365,All Games,13,420,268,63.8,3323,7.9,23,10,143.58,32.3,255.6
LSU,2022,365,All Games,14,423,236,55.8,2887,6.8,17,9,122.12,30.2,206.2
Louisiana,2024,671,All Games,14,430,273,63.5,2719,6.3,19,16,123.74,30.7,194.2
Louisiana,2023,671,All Games,13,387,238,61.5,2795,7.2,22,13,134.20,29.8,215.0
Louisiana,2022,671,All Games,13,424,244,57.5,2861,6.7,18,15,121.16,32.6,220.1
Louisiana Tech,2024,366,All Games,13,366,204,55.7,2247,6.1,11,5,114.50,28.2,172.8
Louisiana Tech,2023,366,All Games,12,317,173,54.6,2224,7.0,18,5,129.09,26.4,185.3
Louisiana Tech,2022,366,All Games,12,386,219,56.7,2707,7.0,20,11,127.05,32.2,225.6
Louisiana-Monroe,2024,498,All Games,12,327,192,58.7,2207,6.7,15,6,126.88,27.3,183.9
Louisiana-Monroe,2023,498,All Games,12,397,257,64.7,3299,8.3,28,11,152.27,33.1,274.9
Louisiana-Monroe,2022,498,All Games,12,346,230,66.5,2792,8.1,17,6,146.99,28.8,232.7
Louisville,2024,367,All Games,13,422,263,62.3,3070,7.3,24,10,137.46,32.5,236.2
Louisville,2023,367,All Games,14,416,231,55.5,3042,7.3,22,13,128.16,29.7,217.3
Louisville,2022,367,All Games,13,362,211,58.3,2561,7.1,17,15,124.93,27.8,197.0
Marshall,2024,388,All Games,13,382,219,57.3,2588,6.8,15,13,120.39,29.4,199.1
Marshall,2023,388,All Games,13,423,249,58.9,2873,6.8,23,13,127.71,32.5,221.0
Marshall,2022,388,All Games,13,421,217,51.5,2620,6.2,12,18,104.67,32.4,201.5
Maryland,2024,392,All Games,12,384,240,62.5,2896,7.5,22,9,140.07,32.0,241.3
Maryland,2023,392,All Games,13,414,236,57.0,2712,6.6,17,17,117.38,31.8,208.6
Maryland,2022,392,All Games,13,467,267,57.2,2903,6.2,17,9,117.54,35.9,223.3
Massachusetts,2024,400,All Games,12,269,156,58.0,2119,7.9,19,6,143.01,22.4,176.6
Massachusetts,2023,400,All Games,12,286,162,56.6,2474,8.7,24,8,151.40,23.8,206.2
Massachusetts,2022,400,All Games,12,266,143,53.8,2103,7.9,17,9,134.49,22.2,175.3
Memphis,2024,404,All Games,13,457,275,60.2,3348,7.3,17,11,129.19,35.2,257.5
Memphis,2023,404,All Games,13,433,261,60.3,3484,8.0,25,11,141.84,33.3,268.0
Memphis,2022,404,All Games,13,449,282,62.8,3137,7.0,24,16,132.01,34.5,241.3
Miami (FL),2024,415,All Games,13,416,240,57.7,2787,6.7,22,14,124.69,32.0,214.4
Miami (FL),2023,415,All Games,13,396,225,56.8,2808,7.1,16,12,123.65,30.5,216.0
Miami (FL),2022,415,All Games,12,335,204,60.9,2797,8.3,20,14,142.37,27.9,233.1
Miami (OH),2024,414,All Games,14,464,268,57.8,2720,5.9,10,13,108.51,33.1,194.3
Miami (OH),2023,414,All Games,14,424,249,58.7,2774,6.5,12,11,117.83,30.3,198.1
Miami (OH),2022,414,All Games,13,445,273,61.3,3083,6.9,17,11,127.22,34.2,237.2
Michigan,2024,418,All Games,13,436,262,60.1,2812,6.4,19,12,123.15,33.5,216.3
Michigan,2023,418,All Games,15,415,229,55.2,2355,5.7,8,18,100.54,27.7,157.0
Michigan,2022,418,All Games,14,458,256,55.9,2719,5.9,11,14,107.59,32.7,194.2
Michigan State,2024,416,All Games,12,339,206,60.8,2483,7.3,20,9,136.45,28.3,206.9
Michigan State,2023,416,All Games,12,366,226,61.7,2854,7.8,24,9,143.97,30.5,237.8
Michigan State,2022,416,All Games,12,360,239,66.4,2855,7.9,26,2,155.73,30.0,237.9
Middle Tennessee State,2024,419,All Games,12,343,231,67.3,3026,8.8,27,5,164.51,28.6,252.2
Middle Tennessee State,2023,419,All Games,12,429,268,62.5,2994,7.0,19,8,131.98,35.8,249.5
Middle Tennessee State,2022,419,All Games,13,510,294,57.6,3805,7.5,29,20,131.24,39.2,292.7
Minnesota,2024,428,All Games,13,373,220,59.0,2289,6.1,11,17,111.14,28.7,176.1
Minnesota,2023,428,All Games,13,391,244,62.4,2851,7.3,23,12,136.92,30.1,219.3
Minnesota,2022,428,All Games,13,394,229,58.1,2414,6.1,8,14,109.18,30.3,185.7
Mississippi State,2024,430,All Games,12,341,240,70.4,2874,8.4,23,7,159.33,28.4,239.5
Mississippi State,2023,430,All Games,12,340,231,67.9,2456,7.2,21,7,144.88,28.3,204.7
Mississippi State,2022,430,All Games,13,423,253,59.8,2734,6.5,15,14,119.18,32.5,210.3
Missouri,2024,434,All Games,13,325,198,60.9,2357,7.3,14,7,131.75,25.0,181.3
Missouri,2023,434,All Games,13,406,250,61.6,2772,6.8,22,9,132.39,31.2,213.2
Missouri,2022,434,All Games,13,393,235,59.8,2799,7.1,18,11,129.13,30.2,215.3
Navy,2024,726,All Games,13,405,240,59.3,2767,6.8,19,17,123.73,31.2,212.8
Navy,2023,726,All Games,12,345,225,65.2,2698,7.8,18,10,142.33,28.8,224.8
Navy,2022,726,All Games,12,348,220,63.2,3002,8.6,25,8,154.79,29.0,250.2
Nebraska,2024,463,All Games,13,379,242,63.9,2817,7.4,23,11,140.52,29.2,216.7
Nebraska,2023,463,All Games,12,412,245,59.5,2527,6.1,14,9,117.83,34.3,210.6
Nebraska,2022,463,All Games,12,408,243,59.6,2704,6.6,18,9,125.38,34.0,225.3
Nevada,2024,466,All Games,13,347,210,60.5,2582,7.4,13,11,129.04,26.7,198.6
Nevada,2023,466,All Games,12,346,225,65.0,3049,8.8,24,9,156.74,28.8,254.1
Nevada,2022,466,All Games,12,356,214,60.1,2779,7.8,17,11,135.26,29.7,231.6
Nevada-Las Vegas,2024,465,All Games,14,517,296,57.3,3302,6.4,20,17,117.08,36.9,235.9
Nevada-Las Vegas,2023,465,All Games,14,399,245,61.4,3552,8.9,26,17,149.16,28.5,253.7
Nevada-Las Vegas,2022,465,All Games,12,359,223,62.1,2709,7.5,21,15,136.46,29.9,225.8
New Mexico,2024,473,All Games,12,396,256,64.6,3350,8.5,30,3,159.19,33.0,279.2
New Mexico,2023,473,All Games,12,320,195,60.9,2824,8.8,24,4,157.32,26.7,235.3
New Mexico,2022,473,All Games,12,320,195,60.9,2433,7.6,15,9,134.65,26.7,202.8
New Mexico State,2024,472,All Games,12,381,220,57.7,3019,7.9,21,9,137.77,31.8,251.6
New Mexico State,2023,472,All Games,15,477,305,63.9,3730,7.8,19,7,139.83,31.8,248.7
New Mexico State,2022,472,All Games,13,376,221,58.8,2425,6.4,14,7,121.52,28.9,186.5
North Carolina,2024,457,All Games,13,374,217,58.0,2942,7.9,19,9,136.04,28.8,226.3
North Carolina,2023,457,All Games,13,431,268,62.2,3136,7.3,20,12,133.04,33.2,241.2
North Carolina,2022,457,All Games,14,482,317,65.8,3798,7.9,27,9,146.72,34.4,271.3
North Carolina State,2024,490,All Games,13,426,261,61.3,3040,7.1,19,10,131.24,32.8,233.8
North Carolina State,2023,490,All Games,13,421,238,56.5,2803,6.7,20,17,120.06,32.4,215.6
North Carolina State,2022,490,All Games,13,461,264,57.3,2941,6.4,15,19,113.36,35.5,226.2
North Texas,2024,497,All Games,13,426,261,61.3,3440,8.1,23,11,141.76,32.8,264.6
North Texas,2023,497,All Games,12,328,191,58.2,2655,8.1,22,10,142.26,27.3,221.3
North Texas,2022,497,All Games,14,487,309,63.4,3669,7.5,24,8,139.71,34.8,262.1
Northern Illinois,2024,503,All Games,13,372,200,53.8,2242,6.0,15,9,112.86,28.6,172.5
Northern Illinois,2023,503,All Games,13,352,200,56.8,2225,6.3,13,10,116.43,27.1,171.2
Northern Illinois,2022,503,All Games,12,361,224,62.0,3034,8.4,32,8,157.46,30.1,252.8
Northwestern,2024,509,All Games,12,391,245,62.7,2782,7.1,15,10,129.97,32.6,231.8
Northwestern,2023,509,All Games,13,358,232,64.8,2378,6.6,15,13,127.16,27.5,182.9
Northwestern,2022,509,All Games,12,312,185,59.3,2201,7.1,17,6,132.68,26.0,183.4
Notre Dame,2024,513,All Games,16,451,235,52.1,2710,6.0,14,19,104.40,28.2,169.4
Notre Dame,2023,513,All Games,13,372,195,52.4,2045,5.5,8,16,97.09,28.6,157.3
Notre Dame,2022,513,All Games,13,395,232,58.7,2574,6.5,20,10,125.11,30.4,198.0
Ohio,2024,519,All Games,14,434,265,61.1,2976,6.9,16,11,125.76,31.0,212.6
Ohio,2023,519,All Games,13,371,233,62.8,2376,6.4,14,15,120.95,28.5,182.8
Ohio,2022,519,All Games,14,511,333,65.2,4004,7.8,29,12,145.02,36.5,286.0
Ohio State,2024,518,All Games,16,442,267,60.4,2672,6.0,10,10,114.13,27.6,167.0
Ohio State,2023,518,All Games,13,376,198,52.7,1897,5.0,9,7,99.22,28.9,145.9
Ohio State,2022,518,All Games,13,360,212,58.9,2606,7.2,19,11,131.01,27.7,200.5
Oklahoma,2024,522,All Games,13,361,217,60.1,2641,7.3,17,9,132.11,27.8,203.2
Oklahoma,2023,522,All Games,13,474,269,56.8,3260,6.9,18,20,118.62,36.5,250.8
Oklahoma,2022,522,All Games,13,499,309,61.9,3556,7.1,20,17,128.20,38.4,273.5
Oklahoma State,2024,521,All Games,12,405,254,62.7,3427,8.5,26,12,149.06,33.8,285.6
Oklahoma State,2023,521,All Games,14,443,269,60.7,3850,8.7,27,13,147.96,31.6,275.0
Oklahoma State,2022,521,All Games,13,498,286,57.4,3350,6.7,24,13,124.62,38.3,257.7
Old Dominion,2024,523,All Games,12,374,228,61.0,2854,7.6,23,12,138.94,31.2,237.8
Old Dominion,2023,523,All Games,13,448,294,65.6,3257,7.3,28,11,142.42,34.5,250.5
Old Dominion,2022,523,All Games,12,358,232,64.8,2931,8.2,17,12,142.54,29.8,244.3
Ole Miss,2024,433,All Games,13,447,267,59.7,3000,6.7,13,12,120.33,34.4,230.8
Ole Miss,2023,433,All Games,13,414,252,60.9,2983,7.2,17,13,128.66,31.8,229.5
Ole Miss,2022,433,All Games,13,431,274,63.6,2858,6.6,22,8,132.40,33.2,219.8
Oregon,2024,529,All Games,14,420,234,55.7,2603,6.2,15,12,113.84,30.0,185.9
Oregon,2023,529,All Games,14,492,296,60.2,3022,6.1,16,12,117.60,35.1,215.9
Oregon,2022,529,All Games,13,467,297,63.6,3333,7.1,24,16,133.66,35.9,256.4
Oregon State,2024,528,All Games,12,317,190,59.9,2569,8.1,15,5,140.48,26.4,214.1
Oregon State,2023,528,All Games,13,426,264,62.0,3066,7.2,23,12,134.61,32.8,235.8
Oregon State,2022,528,All Games,13,459,266,58.0,2919,6.4,11,12,114.05,35.3,224.5
Penn State,2024,539,All Games,16,475,285,60.0,3086,6.5,18,20,118.65,29.7,192.9
Penn State,2023,539,All Games,13,340,199,58.5,2237,6.6,10,12,116.44,26.2,172.1
Penn State,2022,539,All Games,13,476,248,52.1,2760,5.8,12,14,103.24,36.6,212.3
Pitt,2024,545,All Games,13,478,283,59.2,3450,7.2,22,13,129.59,36.8,265.4
Pitt,2023,545,All Games,12,317,197,62.1,2537,8.0,16,10,139.73,26.4,211.4
Pitt,2022,545,All Games,13,450,251,55.8,3015,6.7,23,14,122.71,34.6,231.9
Purdue,2024,559,All Games,12,331,218,65.9,3032,9.2,27,4,167.30,27.6,252.7
Purdue,2023,559,All Games,12,370,201,54.3,2898,7.8,21,10,133.43,30.8,241.5
Purdue,2022,559,All Games,14,415,238,57.3,3149,7.6,28,15,136.13,29.6,224.9
Rice,2024,574,All Games,12,325,180,55.4,2086,6.4,18,8,122.66,27.1,173.8
Rice,2023,574,All Games,13,378,220,58.2,2751,7.3,17,5,131.53,29.1,211.6
Rice,2022,574,All Games,13,345,210,60.9,2712,7.9,29,8,150.00,26.5,208.6
Rutgers,2024,587,All Games,13,427,256,60.0,3004,7.0,18,8,129.20,32.8,231.1
Rutgers,2023,587,All Games,13,373,223,59.8,2292,6.1,16,9,120.74,28.7,176.3
Rutgers,2022,587,All Games,12,381,224,58.8,2482,6.5,15,9,121.78,31.8,206.8
SMU,2024,663,All Games,14,494,278,56.3,3161,6.4,24,16,119.58,35.3,225.8
SMU,2023,663,All Games,14,428,247,57.7,2551,6.0,17,12,115.27,30.6,182.2
SMU,2022,663,All Games,13,399,227,56.9,2961,7.4,25,10,134.90,30.7,227.8
San Diego State,2024,626,All Games,12,343,223,65.0,2569,7.5,21,7,144.06,28.6,214.1
San Diego State,2023,626,All Games,12,392,222,56.6,2894,7.4,16,12,126.00,32.7,241.2
San Diego State,2022,626,All Games,13,416,255,61.3,2715,6.5,21,13,126.53,32.0,208.8
San Jose State,2024,630,All Games,13,435,268,61.6,3027,7.0,16,21,122.55,33.5,232.8
San Jose State,2023,630,All Games,13,359,219,61.0,2379,6.6,19,12,127.44,27.6,183.0
San Jose State,2022,630,All Games,12,351,213,60.7,2612,7.4,15,14,129.31,29.3,217.7
South Alabama,2024,646,All Games,13,430,278,64.7,3235,7.5,18,16,134.21,33.1,248.8
South Alabama,2022,646,All Games,13,470,281,59.8,3112,6.6,22,13,125.33,36.2,239.4
South Carolina,2024,648,All Games,13,397,229,57.7,2657,6.7,10,14,115.16,30.5,204.4
South Carolina,2023,648,All Games,12,401,245,61.1,2955,7.4,16,10,131.18,33.4,246.3
South Carolina,2022,648,All Games,13,404,217,53.7,2687,6.7,24,15,121.76,31.1,206.7
South Florida,2024,651,All Games,13,471,277,58.8,3624,7.7,23,12,134.45,36.2,278.8
South Florida,2023,651,All Games,13,466,279,59.9,3754,8.1,29,14,142.07,35.8,288.8
South Florida,2022,651,All Games,12,375,275,73.3,3384,9.0,25,6,167.93,31.3,282.0
Southern Mississippi,2024,664,All Games,12,321,209,65.1,2598,8.1,24,6,154.02,26.8,216.5
Southern Mississippi,2023,664,All Games,12,325,189,58.2,2904,8.9,23,9,151.01,27.1,242.0
Southern Mississippi,2022,664,All Games,13,410,244,59.5,3034,7.4,21,17,130.28,31.5,233.4
Stanford,2024,674,All Games,12,398,263,66.1,3367,8.5,31,9,158.32,33.2,280.6
Stanford,2023,674,All Games,12,423,280,66.2,3576,8.5,32,8,158.38,35.3,298.0
Stanford,2022,674,All Games,12,351,203,57.8,2516,7.2,22,6,135.31,29.3,209.7
Syracuse,2024,688,All Games,13,405,267,65.9,2955,7.3,22,11,139.72,31.2,227.3
Syracuse,2023,688,All Games,13,425,269,63.3,3021,7.1,21,9,135.07,32.7,232.4
Syracuse,2022,688,All Games,13,369,246,66.7,2403,6.5,18,10,132.05,28.4,184.8
Temple,2024,690,All Games,12,333,196,58.9,2300,6.9,20,9,131.29,27.8,191.7
Temple,2023,690,All Games,12,328,211,64.3,2919,8.9,27,3,164.42,27.3,243.3
Temple,2022,690,All Games,12,326,209,64.1,2383,7.3,21,6,143.09,27.2,198.6
Tennessee,2024,694,All Games,13,381,224,58.8,2461,6.5,11,12,116.28,29.3,189.3
Tennessee,2023,694,All Games,13,414,270,65.2,2879,7.0,15,12,129.79,31.8,221.5
Tennessee,2022,694,All Games,13,532,333,62.6,3764,7.1,21,11,130.91,40.9,289.5
Texas,2024,703,All Games,16,489,292,59.7,2781,5.7,9,22,104.55,30.6,173.8
Texas,2023,703,All Games,14,503,307,61.0,3561,7.1,21,16,127.92,35.9,254.4
Texas,2022,703,All Games,13,501,315,62.9,3155,6.3,18,10,123.63,38.5,242.7
Texas A&M,2024,697,All Games,13,428,228,53.3,3018,7.1,20,16,120.44,32.9,232.2
Texas A&M,2023,697,All Games,13,365,217,59.5,2696,7.4,19,9,133.74,28.1,207.4
Texas A&M,2022,697,All Games,12,327,184,56.3,1874,5.7,15,4,117.10,27.3,156.2
Texas Christian,2024,698,All Games,13,403,232,57.6,2407,6.0,14,10,114.24,31.0,185.2
Texas Christian,2023,698,All Games,12,400,239,59.8,3044,7.6,16,8,132.87,33.3,253.7
Texas Christian,2022,698,All Games,15,514,284,55.3,3740,7.3,25,16,126.19,34.3,249.3
Texas State,2024,670,All Games,13,401,230,57.4,2790,7.0,13,9,122.02,30.8,214.6
Texas State,2023,670,All Games,13,417,271,65.0,3202,7.7,24,11,143.20,32.1,246.3
Texas State,2022,670,All Games,12,419,272,64.9,2939,7.0,18,11,132.77,34.9,244.9
Texas Tech,2024,700,All Games,13,475,304,64.0,4005,8.4,28,14,148.39,36.5,308.1
Texas Tech,2023,700,All Games,13,443,267,60.3,2979,6.7,16,13,122.81,34.1,229.2
Texas Tech,2022,700,All Games,13,425,251,59.1,3338,7.9,23,10,138.18,32.7,256.8
Toledo,2024,709,All Games,13,426,245,57.5,2703,6.3,16,13,117.10,32.8,207.9
Toledo,2023,709,All Games,14,410,219,53.4,2562,6.2,12,11,110.20,29.3,183.0
Toledo,2022,709,All Games,14,429,234,54.5,2562,6.0,17,12,112.20,30.6,183.0
Troy,2024,716,All Games,12,332,222,66.9,2659,8.0,13,6,143.46,27.7,221.6
Troy,2023,716,All Games,14,435,272,62.5,2821,6.5,13,10,122.26,31.1,201.5
Troy,2022,716,All Games,14,484,290,59.9,2905,6.0,14,13,114.52,34.6,207.5
Tulane,2024,718,All Games,14,404,235,58.2,2488,6.2,13,14,113.59,28.9,177.7
Tulane,2023,718,All Games,14,473,309,65.3,3200,6.8,18,17,127.53,33.8,228.6
Tulane,2022,718,All Games,14,463,277,59.8,2913,6.3,23,12,123.89,33.1,208.1
Tulsa,2024,719,All Games,12,396,261,65.9,3792,9.6,38,9,173.47,33.0,316.0
Tulsa,2023,719,All Games,12,388,250,64.4,3358,8.7,24,10,152.39,32.3,279.8
Tulsa,2022,719,All Games,12,338,195,57.7,2476,7.3,21,6,136.17,28.2,206.3
UAB,2024,9,All Games,12,318,174,54.7,2164,6.8,18,8,125.53,26.5,180.3
UAB,2023,9,All Games,12,389,241,62.0,2855,7.3,24,10,138.82,32.4,237.9
UAB,2022,9,All Games,13,406,232,57.1,2534,6.2,16,10,117.64,31.2,194.9
UCF,2024,128,All Games,12,376,244,64.9,2624,7.0,21,9,137.15,31.3,218.7
UCF,2023,128,All Games,13,366,210,57.4,2557,7.0,12,12,120.32,28.2,196.7
UCF,2022,128,All Games,14,454,268,59.0,3112,6.9,15,6,124.87,32.4,222.3
UCLA,2024,110,All Games,12,411,269,65.5,2936,7.1,19,10,135.85,34.3,244.7
UCLA,2023,110,All Games,13,450,273,60.7,2870,6.4,16,15,119.31,34.6,220.8
UCLA,2022,110,All Games,13,486,318,65.4,3549,7.3,25,11,139.22,37.4,273.0
USC,2024,657,All Games,13,437,296,67.7,3066,7.0,15,12,132.51,33.6,235.8
USC,2023,657,All Games,13,417,267,64.0,3203,7.7,31,7,149.72,32.1,246.4
USC,2022,657,All Games,14,460,293,63.7,3698,8.0,25,19,140.91,32.9,264.1
UTEP,2024,704,All Games,12,352,216,61.4,2678,7.6,23,11,140.58,29.3,223.2
UTEP,2023,704,All Games,12,313,177,56.5,2216,7.1,16,6,129.06,26.1,184.7
UTEP,2022,704,All Games,12,318,180,56.6,2598,8.2,23,5,145.96,26.5,216.5
UTSA,2024,706,All Games,13,416,242,58.2,3456,8.3,28,11,144.88,32.0,265.8
UTSA,2023,706,All Games,13,452,254,56.2,3037,6.7,19,10,122.09,34.8,233.6
UTSA,2022,706,All Games,14,472,273,57.8,3408,7.2,21,15,126.81,33.7,243.4
Utah,2024,732,All Games,12,380,199,52.4,2403,6.3,15,12,112.20,31.7,200.3
Utah,2023,732,All Games,13,421,246,58.4,2917,6.9,17,8,126.16,32.4,224.4
Utah,2022,732,All Games,14,413,253,61.3,3117,7.5,20,12,134.82,29.5,222.6
Utah State,2024,731,All Games,12,393,267,67.9,3067,7.8,28,13,150.38,32.8,255.6
Utah State,2023,731,All Games,13,425,249,58.6,2855,6.7,27,10,131.27,32.7,219.6
Utah State,2022,731,All Games,13,372,204,54.8,2665,7.2,27,11,133.06,28.6,205.0
Vanderbilt,2024,736,All Games,13,389,265,68.1,3064,7.9,24,10,149.51,29.9,235.7
Vanderbilt,2023,736,All Games,12,421,290,68.9,3355,8.0,26,12,150.50,35.1,279.6
Vanderbilt,2022,736,All Games,12,399,257,64.4,3486,8.7,29,6,158.77,33.3,290.5
Virginia,2024,746,All Games,12,392,243,62.0,3157,8.1,20,9,141.89,32.7,263.1
Virginia,2023,746,All Games,12,378,232,61.4,2697,7.1,19,8,133.67,31.5,224.8
Virginia,2022,746,All Games,10,312,191,61.2,2044,6.6,10,5,123.62,31.2,204.4
Virginia Tech,2024,742,All Games,13,400,219,54.8,2807,7.0,20,15,122.70,30.8,215.9
Virginia Tech,2023,742,All Games,13,341,208,61.0,2194,6.4,16,7,126.42,26.2,168.8
Wake Forest,2024,749,All Games,12,455,320,70.3,3334,7.3,23,11,143.72,37.9,277.8
Wake Forest,2023,749,All Games,12,354,218,61.6,2788,7.9,24,8,145.59,29.5,232.3
Wake Forest,2022,749,All Games,13,466,280,60.1,3489,7.5,29,7,140.52,35.8,268.4
Washington,2023,756,All Games,15,583,345,59.2,3879,6.7,23,16,122.60,38.9,258.6
Washington,2022,756,All Games,13,418,263,62.9,3269,7.8,26,7,145.80,32.2,251.5
Washington State,2024,754,All Games,13,486,307,63.2,3517,7.2,25,14,135.18,37.4,270.5
Washington State,2023,754,All Games,12,399,241,60.4,2863,7.2,14,8,128.24,33.3,238.6
Washington State,2022,754,All Games,13,460,286,62.2,3480,7.6,19,12,134.13,35.4,267.7
West Virginia,2024,768,All Games,13,386,247,64.0,3521,9.1,26,5,160.25,29.7,270.8
West Virginia,2023,768,All Games,13,417,251,60.2,3086,7.4,26,11,137.65,32.1,237.4
West Virginia,2022,768,All Games,12,386,229,59.3,3152,8.2,22,4,144.66,32.2,262.7
Western Kentucky,2024,772,All Games,14,321,195,60.7,2465,7.7,18,10,137.52,22.9,176.1
Western Kentucky,2023,772,All Games,13,430,251,58.4,2986,6.9,20,15,125.07,33.1,229.7
Western Kentucky,2022,772,All Games,14,498,310,62.2,3304,6.6,21,19,124.27,35.6,236.0
Western Michigan,2024,774,All Games,13,344,211,61.3,2894,8.4,20,8,146.55,26.5,222.6
Western Michigan,2023,774,All Games,12,361,220,60.9,2815,7.8,23,9,142.47,30.1,234.6
Western Michigan,2022,774,All Games,12,351,203,57.8,2545,7.3,15,11,126.58,29.3,212.1
Wisconsin,2024,796,All Games,12,323,202,62.5,2132,6.6,12,4,127.77,26.9,177.7
Wisconsin,2023,796,All Games,13,417,254,60.9,2716,6.5,19,13,124.41,32.1,208.9
Wisconsin,2022,796,All Games,13,376,222,59.0,2656,7.1,18,17,125.14,28.9,204.3
Wyoming,2024,811,All Games,12,342,211,61.7,2627,7.7,16,6,138.15,28.5,218.9
Wyoming,2023,811,All Games,13,433,253,58.4,2772,6.4,18,11,120.85,33.3,213.2
Wyoming,2022,811,All Games,13,433,261,60.3,2821,6.5,19,6,126.72,33.3,217.0
South Alabama,2023,646,All Games,13,354,208,58.8,2594,7.3,19,13,130.69,27.2,199.5
Virginia Tech,2022,742,All Games,11,374,222,59.4,2596,6.9,13,4,126.99,34.0,236.0
Washington,2024,756,All Games,13,377,210,55.7,2165,5.7,16,8,113.71,29.0,166.5
